TERM,EXACT_VIETNAMESE_FORM,DEFINITION,SOURCE,ALLOWED_ALTERNATIVE_EXPLANATION,FORBIDDEN_SUBSTITUTION
"Critical Theory of Technology","lý thuyết phê phán công nghệ","Lập trường xem công nghệ là mang giá trị nhưng vẫn có thể được con người định hướng thông qua lựa chọn giữa những cấu hình phương tiện–mục đích và những can thiệp dân chủ vào thiết kế, phát triển.","S01, PDF tr. 9–10","cách tiếp cận phê phán của Feenberg","chủ nghĩa chống công nghệ; phê phán mọi công nghệ; lý thuyết công cụ"
"instrumentalism","thuyết công cụ","Lập trường đặt công nghệ ở giao điểm giữa tính trung tính về giá trị và khả năng do con người kiểm soát; công nghệ được xem như công cụ phục vụ mục đích của người dùng.","S01, PDF tr. 5–6","quan niệm công nghệ như phương tiện trung tính","mọi kỹ thuật cụ thể đều tốt hoặc xấu chỉ do người dùng; chủ nghĩa thực dụng"
"technological determinism","thuyết tất định công nghệ","Lập trường trong ma trận của Feenberg xem công nghệ là trung tính về giá trị nhưng tự trị đối với sự lựa chọn của con người và định hình xã hội theo các yêu cầu của hiệu quả, tiến bộ.","S01, PDF tr. 5–6","quan niệm công nghệ quyết định/chi phối biến đổi xã hội","mọi tác động công nghệ đều không thể thay đổi; định mệnh luận nói chung"
"substantivism","thuyết thực chất","Lập trường xem công nghệ mang các giá trị thực chất và có tính tự trị; việc lựa chọn công nghệ đồng thời hàm ý lựa chọn một lối sống, không chỉ chọn phương tiện hiệu quả hơn.","S01, PDF tr. 7–8","quan niệm thực chất về công nghệ","chủ nghĩa bản chất; mọi công nghệ đều xấu; lý thuyết phê phán"
"non-essentialism","phi bản chất luận","Cách hiểu từ chối coi hình thức công nghệ đang thống trị là bản chất bất biến của công nghệ; các thiết kế có tính lịch sử, xã hội và có thể đi theo nhiều con đường phát triển khả thi.","S02, PDF tr. 24–28; S03, PDF tr. 4–5","không tuyệt đối hóa một bản chất công nghệ cố định","công nghệ không có đặc trưng kỹ thuật; thiết kế tùy ý; phủ nhận mọi ràng buộc vật chất"
"technical code","mã kỹ thuật (technical code)","Cấu trúc/quy tắc trung giới qua đó một chân trời văn hóa–xã hội được cụ thể hóa ở cấp độ thiết kế; các tham số kỹ thuật cụ thể được mã quy định về mặt xã hội và sau khi ổn định dễ xuất hiện như tất yếu thuần kỹ thuật.","S03, PDF tr. 13–15; S02, PDF tr. 26","quy tắc xã hội đã lắng đọng trong thiết kế","mã nguồn; thuật toán; tiêu chuẩn kỹ thuật đơn thuần; ý định bí mật của nhà thiết kế"
"technological politics","tính chính trị của công nghệ","Khía cạnh quyền lực và trật tự xã hội được trung giới trong các hệ thống, thủ tục và thiết kế công nghệ, không chỉ trong tranh luận nhà nước hay mục đích sử dụng.","S03, PDF tr. 1–3, 18–20","chính trị nằm trong lựa chọn thiết kế và quản trị","đảng phái hóa công nghệ; tuyên truyền chính trị bằng công nghệ"
"democratic rationalization","hợp lý hóa dân chủ","Quá trình mở rộng lý tính công nghệ để nội tại hóa những bối cảnh, chi phí và lợi ích từng bị gạt ra ngoài, thông qua sáng kiến, phản kháng và sự tham gia có khả năng dẫn đến thay đổi thực hành, thủ tục hoặc thiết kế.","S03, PDF tr. 18–20; S01, PDF tr. 10–11; tên bản sửa 2003 được S04 xác nhận tại PDF tr. 225","tái định hướng công nghệ theo hướng dân chủ","bỏ phiếu chọn thiết bị; lấy ý kiến tượng trưng; cho mọi người quyền dùng miễn phí"
"participant interests","lợi ích của người tham gia chịu tác động","Những nhu cầu/lợi ích hình thành từ vị trí và kinh nghiệm của người bị đưa vào một mạng lưới kỹ thuật; chúng có thể không được đại diện trong mạng lưới thiết kế ban đầu và được phát biểu qua sáng kiến hoặc đấu tranh.","S03, PDF tr. 12–13, 18–19","lợi ích của các chủ thể bị tác động","sở thích người dùng; lợi ích của mọi bên vốn ngang nhau"
"user agency","năng lực hành động của người dùng","Khả năng của người dùng chiếm dụng, diễn giải lại, phản hồi hoặc tổ chức tập thể để ảnh hưởng đến cách công nghệ vận hành và phát triển; khả năng này có điều kiện và phân bố không đều.","S02, PDF tr. 10–12, 16; S01, PDF tr. 10","sáng kiến của người dùng","toàn quyền kiểm soát công nghệ; chỉ là thao tác sử dụng"
"technological design","thiết kế công nghệ","Quá trình lựa chọn cấu trúc, chức năng, chuẩn, giao diện và cách tích hợp một hệ thống trong bối cảnh, nơi nhiều phương án khả thi có thể hiện thực hóa các giá trị khác nhau.","S02, PDF tr. 24–28; S03, PDF tr. 5, 13–15","lựa chọn và cấu hình hệ thống xã hội–kỹ thuật","cách trang trí giao diện; mục đích sử dụng sau khi sản phẩm hoàn tất"
"technological governance","quản trị công nghệ","Các thiết chế, quy trình và phân bổ quyền quyết định chi phối việc hình thành, đánh giá, triển khai, giám sát, sửa đổi và quy trách nhiệm trong vòng đời công nghệ.","S05, chương 10; chuyển dụng phương pháp luận từ S01/S03","tổ chức quyền tham gia và trách nhiệm trong vòng đời công nghệ","quản lý thiết bị; vận hành kỹ thuật; kiểm duyệt đơn thuần"
"democratization of technology","dân chủ hóa công nghệ","Mở rộng sáng kiến và sự tham gia có hiệu lực của những người chịu tác động vào các quyết định về khung kỹ thuật của đời sống, nhất là thiết kế và phát triển; không đồng nhất với phổ cập quyền truy cập.","S01, PDF tr. 9–11; S03, PDF tr. 18–20","dân chủ hóa thiết kế và quản trị công nghệ","mọi người đều được dùng công nghệ; trưng cầu ý kiến về từng thiết bị"
"social values","giá trị xã hội","Các chuẩn mực và ưu tiên như an toàn, phẩm giá, công bằng, giao tiếp hay bảo vệ môi trường có thể được cụ thể hóa trong tiêu chuẩn và cấu trúc thiết kế.","S03, PDF tr. 13–16; S02, PDF tr. 24–27","giá trị được nội tại hóa trong thiết kế","ý kiến chủ quan không liên quan kỹ thuật; khẩu hiệu đạo đức gắn bên ngoài"
"power","quyền lực","Khả năng định hình môi trường hành động của người khác thông qua quyền kiểm soát hệ thống kỹ thuật, quyết định thiết kế, thủ tục và tiêu chuẩn.","S03, PDF tr. 1–3, 8–10","quyền quyết định được trung giới bằng công nghệ","chỉ quyền lực nhà nước; sức mạnh vật lý của máy"
"interests","lợi ích","Những nhu cầu và ưu tiên gắn với vị trí xã hội của các chủ thể; chúng không tự động được phản ánh ngang nhau trong thiết kế.","S03, PDF tr. 12–13, 18–19","nhu cầu có vị trí xã hội","ham muốn cá nhân; lợi nhuận duy nhất"
"meta-choice","lựa chọn ở cấp khung (meta-choice)","Lựa chọn cấp cao hơn về kiểu thế giới và hệ phương tiện–mục đích mà một cấu hình công nghệ tạo ra, thay vì chỉ chọn cách dùng một công cụ đã cho.","S01, PDF tr. 10","lựa chọn về khung kỹ thuật của đời sống","lựa chọn menu; sở thích cá nhân; bỏ phiếu giữa hai thiết bị"
"interpretive flexibility","tính linh hoạt diễn giải","Khả năng các nhóm tác nhân khác nhau hiểu cùng một cấu hình kỹ thuật như lời giải cho những vấn đề khác nhau; diễn giải mới có thể tác động đến thay đổi thiết kế và định nghĩa công nghệ.","S02, PDF tr. 10–11; thuật ngữ được Feenberg dẫn từ Pinch và Bijker","một công nghệ có thể được diễn giải và định hình theo nhiều hướng","mọi cách hiểu đều đúng; tùy tiện sử dụng"
